country,city,longitude,latitude
Hungary,Miskolc,20.7644305,48.081286
France,Flers,-0.5692441,48.7438842
France,Saint-Fargeau-Ponthierry,2.5096455,48.5267938
France,Nîmes,4.3662321,43.8324929
Ireland,Tralee,-7.0833118,52.2413206
Bulgaria,Dve Mogili,25.9323591,43.5592985
Ireland,Portumna,-8.2215941,53.0917381
Germany,Dortmund,7.4091222,51.5353894
Greece,Vasilikón,23.6720959,38.4251725
France,Quimper,-4.1116493,47.9894676
France,Poligny,-0.705495,48.0395425
Greece,Mikrókampos,22.7755938,40.8403439
France,Rennes,-1.7128603,48.1164447
Croatia,Bošnjaci,18.7972,45.0432878
France,Issoudun,1.9894311,46.9483051
Greece,Elassóna,22.1890872,39.8949802
France,Toulouse,1.450373,43.6151225
Spain,Murcia,-1.1424989,37.970285
Greece,Pentaplátano,22.4188383,40.8195312
France,Orléans,2.8002946,47.3591366
France,Laxou,6.1519039,48.6853182
France,Nice,6.9855112,44.0678168
Croatia,Posedarje,15.4790862,44.2120433
Spain,Palma De Mallorca,2.631838,39.6343248
Ireland,Swords,-6.2071246,53.4562426
France,Maubeuge,3.9727365,50.2748915
France,Le Mans,0.1924459,47.9956173
Bulgaria,Gorna Oryakhovitsa,25.5508839,41.9250632
Bulgaria,Sŭedinenie,24.55,42.26667
Germany,Braunschweig,10.5390217,52.2802311
Greece,Varnávas,23.9232894,38.2238615
France,Avon,2.5130988,48.9741782
France,Kingersheim,7.3372459,47.8060989
Croatia,Ivanec,16.1246793,46.2228422
Croatia,Labin,14.1238049,45.091589
Germany,Hamburg,9.9641759,53.5511779
Greece,Drosáto,22.8015705,41.1670464
Germany,Nürnberg,11.0986834,49.4904742
Germany,Bochum,7.1597986,51.4492114
Ireland,Clondalkin,-6.4496384,53.3582341
Croatia,Virovitica,17.3855429,45.8316463
France,Romans-sur-Isère,5.0682113,45.0478491
Greece,Kyllíni,21.1449975,37.9346907
Greece,Vrýses,24.2012676,35.3750852
Ireland,Mallow,-8.642661,52.1361219
France,Sophia Antipolis,7.0430136,43.6264177
Hungary,Pécs,18.2440979,46.0382687
Croatia,Cernik,14.5032137,45.3481651
France,Rive-de-Gier,4.6192695,45.5294991
Greece,Pyrgetós,22.595535,39.9179113
Italy,Verona,11.0332618,45.4934392
France,Roubaix,3.1685214,50.7022235
France,Paris 08,5.8978018,43.4945737
United Kingdom,Ford,-1.875716,51.962948
France,Royan,-0.4198187,45.5733817
United Kingdom,Newbiggin,-2.0871107,54.9418362
Greece,Elaiochóri,24.2429692,40.8207633
France,Roissy Charles-de-Gaulle,2.5479245,49.0096906
Greece,Géfyra,22.6920826,40.7325414
France,Nîmes,4.3520438,43.8447278
Bulgaria,Dulovo,27.2163113,43.7624891
France,Lille,2.0308233,44.1675867
France,Roissy Charles-de-Gaulle,2.5479245,49.0096906
Croatia,Radoboj,15.9296045,46.1629456
Spain,Vigo,-8.6848147,42.2390986
France,Toulouse,-3.2602564,47.785421
France,Pont-Audemer,0.5399323,49.3157944
France,Orvault,-1.8700485,47.6258589
France,Bastia,1.7243511,42.930418
Ireland,Skibbereen,-9.268589,51.549106
Greece,Fílla,23.6824627,38.4415297
Germany,Bochum,7.1957779,51.449197
France,Paris 02,5.8978018,43.4945737
Ireland,Piltown,-6.3025448,53.6920618
France,Paris 15,2.2582125,48.8466523
France,Cholet,-0.8816138,47.0615944
Greece,Megalochórion,21.84083,39.55944
France,Marseille,5.3563232,43.2894617
France,Montpellier,3.319109,43.862902
Ireland,Fairview,-6.4202878,54.0026343
France,Roscoff,-3.7612141,48.0381485
France,Rumilly,5.947966,45.8630194
France,Bondoufle,2.406265,48.6169664
France,Sainte-Luce-sur-Loire,-1.4666288,47.2747492
Bulgaria,Chirpan,25.3248541,42.2020702
France,Amiens,2.3081396,49.8905368
France,Fresnes,2.323941,48.759003
Croatia,Pazin,13.9373092,45.2397599
France,Marseille,2.511999,43.7441795
Spain,Logroño,-2.522269,42.4914204
Greece,Kallíthiron,21.90611,39.28167
France,Seynod,6.087112,45.875212
France,Marseille,5.3835222,43.3293419
Austria,St. Anton an der Jeßnitz,15.2299747,48.0147763
France,Rungis,2.3536083,48.7381259
France,Goussainville,2.4613377,49.0194225
Greece,Loutrá,23.5860574,39.9276561
Greece,Morfovoúni,21.7513868,39.3525635
Greece,Leipsoí,26.7437518,37.3011088
Croatia,Novalja,14.8573931,44.584109
Bulgaria,Botevgrad,23.2730306,42.6997116
France,Avignon,4.3686291,43.8317876
France,Paris 11,2.3237084,48.8610504
Germany,Chemnitz,12.8945945,50.7868675
France,Rueil-Malmaison,2.166848,48.8708001
France,Marseille,2.511999,43.7441795
France,Montluel,5.0634248,45.8359543
Germany,Rostock,12.1186173,54.1463269
France,Strasbourg,7.7342943,48.5851876
France,Autun,4.2998563,46.9428639
France,Guérande,-1.7442022,47.4861398
Ireland,Kinsale,-6.251714,53.3169419
Greece,Makrýgialos,22.6037501,40.4159844
France,Autun,4.2998563,46.9428639
Germany,Chemnitz,12.872972,50.8290179
France,Marseille,2.511999,43.7441795
Bulgaria,Lyubimets,23.3143163,42.7723725
France,Nice,7.261933,43.704612
Greece,Kými,24.1027745,38.636131
France,Clermont-Ferrand,3.103119,45.0386871
Spain,Barcelona,2.196618,41.4378689
France,Perpignan,2.0376775,43.6943099
Ireland,Castlepollard,-7.2979911,53.6785169
France,Montpellier,3.8626074,43.6121586
United Kingdom,Preston,-2.70309,53.763201
Greece,Áthyra,22.592555,40.8262403
United Kingdom,Glasgow,-4.2494388,55.8709949
Belgium,Bruxelles,4.4180065,50.7881573
France,Pau,-0.3696612,43.2916776
France,Saint-Étienne,4.3868779,45.4381658
Greece,Pylaía,22.9896482,40.6027503
Italy,Firenze,11.2991498,43.7668053
Germany,Frankfurt am Main,8.5800547,50.041381
Greece,Selínia,23.5288412,37.9334705
Greece,Skalánion,25.1872239,35.2834512
Bulgaria,Belene,25.1246359,43.6445087
Germany,Hamburg,9.9471012,53.5662722
Greece,Fteliá,24.1908648,41.0828211
France,Pantin,4.26286,45.7608815
Ireland,Dungarvan,-6.1822287,53.3788495
France,Aubagne,5.262028,44.255137
Greece,Skópelos,23.6799766,39.1251493
France,Cergy-Pontoise,2.080691,49.03201
France,Noyal-sur-Vilaine,-1.5212701,48.1079676
Greece,Dimitsána,22.0395213,37.5955677
France,Issy-les-Moulineaux,2.2682399,48.8373554
Greece,Profítis Ilías,25.4633333,36.3688889
Spain,Donostia-San Sebastian,-1.9814245,43.3177929
Germany,Köln,7.0486698,50.9093945
Croatia,Krapina,15.8724103,46.160492
Greece,Profítis Ilías,25.4633333,36.3688889
Spain,Salamanca,-5.6589414,40.9838888
France,Rennes,-1.7819266,48.0976547
Croatia,Makarska,17.0215239,43.2937769
Greece,Kostakioí,20.9594987,39.1365314
Ireland,Kinsale,-6.251714,53.3169419
Germany,Mannheim,8.560081,49.4637092
France,Paris 13,5.8978018,43.4945737
France,Villeurbanne,4.861724,45.7646846
France,Chartres,-0.6297654,45.106849
Greece,Kalpáki,20.6256658,39.886025
Greece,Asíni,23.013113,37.5097524
Spain,Almeria,-2.2959788,37.4852899
Bulgaria,Berkovitsa,23.1251092,43.2370452
Croatia,Labin,14.1238049,45.091589
France,Nantes,-1.5401497,47.2550409
Italy,Verona,11.0057554,45.446079
France,Périgueux,0.7237613,45.1800316
Croatia,Soljani,19.0030052,44.9597766
Ireland,Nenagh,-8.2001004,52.86326
France,Aix-en-Provence,4.9548261,43.7883496
France,Blois,1.2613018,47.4947984
France,Juvisy-sur-Orge,2.3741324,48.6910817
Greece,Kálymnos,26.9807653,36.9522824
France,Niort,-0.4546217,46.3194856
France,Strasbourg,7.7342943,48.5851876
France,Rennes,-1.7128603,48.1164447
Greece,Tílisos,25.0182231,35.2970392
Greece,Kolympári,23.7813889,35.5374671
France,Strasbourg,7.6370168,48.5347071
Ireland,Askeaton,-8.9706844,52.6004448
Italy,Genova,8.9314338,44.4133103
Ireland,Cork,-8.489012,51.923707
Hungary,Zalaegerszeg,16.847761,46.8442339
France,Rungis,2.3508225,48.7700185
Croatia,Mačkovec,16.4312318,46.4244411
Croatia,Čakovec,16.4379653,46.3897383
France,Sainte-Luce-sur-Loire,-1.4666288,47.2747492
France,Paris 09,5.8978018,43.4945737
France,Lyon,1.9038837,43.0429124
Greece,Elefsína,23.5418125,38.0412749
France,Schirmeck,7.3118635,48.4990903
Greece,Erétria,23.7930669,38.3927202
France,Avignon,4.3686291,43.8317876
United Kingdom,Sheffield,-1.4730092,53.3788422
Bulgaria,Lyaskovets,25.7428451,43.0683838
United Kingdom,Church End,0.1405602,52.216745
France,Morez,6.0221735,46.5217941
Bulgaria,Kaloyanovo,23.2572455,42.671377
Greece,Fteliá,24.1908648,41.0828211
Greece,Asímion,25.0928704,35.0435187
France,Paris 19,5.8978018,43.4945737
France,Vénissieux,4.8750727,45.7164219
France,Flers,-0.5692441,48.7438842
Germany,Wuppertal,7.1301012,51.2034374
Croatia,Novi Vinodolski,14.7897992,45.1285255
Greece,Pásion,22.7275436,38.0134548
France,Orléans,2.8002946,47.3591366
France,Suresnes,2.2289339,48.8706152
Hungary,Budapest,19.1150392,47.3879065
France,Bobigny,2.4201634,48.9126632
Austria,Niederwaldkirchen,14.0838042,48.4508261
Greece,Vasilikón,23.6720959,38.4251725
Croatia,Omišalj,14.5569253,45.2110039
Croatia,Mačkovec,16.4312318,46.4244411
France,Nîmes,4.3662321,43.8324929
Italy,Firenze,11.2991498,43.7668053
Spain,Huesca,-0.3960275,42.1294151
France,Carpentras,0.0297575,47.7229616
Croatia,Buje,13.6589423,45.4082114
Bulgaria,Tervel,27.2601131,43.7365869
France,Le Kremlin-Bicêtre,2.3549227,48.8069601
Greece,Agía Paraskeví,23.8218079,38.0135829
France,Lyon,4.8252311,45.7451347
Greece,Íasmos,25.1850002,41.1283966
Bulgaria,Suvorovo,27.5912198,43.331546
France,Annecy,6.121072,45.9018536
Croatia,Peteranec,16.9184542,46.1743441
Greece,Skotoússa,23.3819761,41.1266172
Greece,Kastélli,25.3382657,35.208594
Germany,Nürnberg,11.1234198,49.4418055
France,Strasbourg,7.6370168,48.5347071
Ireland,Ballinroad,-7.5717688,52.1045472
Ireland,Tuam,-8.83565,53.49417
Croatia,Virovitica,17.3855429,45.8316463
France,Mende,3.5333133,44.5394324
Greece,Pithári,24.1076107,35.5155989
Croatia,Dubrava,16.6495822,43.4977749
Croatia,Jablanovec,15.8550922,45.8800176
France,Blois,1.3155028,47.594843
Greece,Ágios Athanásios,22.7279233,40.7165064
France,Marseille,5.380142,43.3032794
France,Levallois-Perret,2.8814002,49.2272998
Italy,Milano,9.1855974,45.4476447
Germany,Hamburg,10.0383761,53.6447228
France,Bourg-en-Bresse,5.1133935,46.2506074
Ireland,Portarlington,-7.185387,53.158984
Greece,Ágios Andréas,21.9208543,36.8634887
Bulgaria,Chernomorets,23.4195159,42.8004655
France,Toulouse,1.503894,43.555403
Bulgaria,Blagoevgrad,23.0756589,41.9662209
Greece,Patitírion,23.8641946,39.1442379
France,Saint-Jean-de-Monts,-2.1318548,46.8260183
Greece,Koutsopódi,22.7120308,37.6883607
Greece,Deskáti,21.80854,39.927952
United Kingdom,Kinloch,-6.2823331,57.013064
France,Albi,2.141706,43.9235435
Greece,Stírion,22.71667,38.4
United Kingdom,Normanton,-0.622129,52.643749
France,Kingersheim,7.3372459,47.8060989
Greece,Elaiochóri,24.2429692,40.8207633
France,Tarbes,2.9394741,50.4734865
France,Orléans,2.8002946,47.3591366
France,La Valette-du-Var,5.997642,43.1342238
France,Compiègne,2.789137,49.395599
Bulgaria,Straldzha,26.6831949,42.5387912
France,Oullins,4.8096702,45.7173944
France,Orange,4.810107,44.1372925
Bulgaria,Anton,24.2595187,42.7352907
Spain,Murcia,-1.1424989,37.970285
Ireland,Kanturk,-8.9342111,52.182304
Croatia,Brinje,15.1290974,44.9986892
Greece,Vrachnaíika,21.6682269,38.1625093
Greece,Kalloní,26.2072301,39.233118
Greece,Kéfalos,26.9591755,36.7445146
France,Évry,2.4381665,48.6277459
France,Le Havre,-2.9231898,48.0386685
Greece,Áyios Nikólaos,25.7164166,35.1899597
Greece,Kampánis,22.9175369,40.8890204
Greece,Nerokoúros,24.0359071,35.4754568
Ireland,Lucan,-9.4904891,52.6396679
Bulgaria,Byala Slatina,23.8635696,43.5066525
France,Roubaix,3.1845673,50.6930818
France,Le Kremlin-Bicêtre,2.3549227,48.8069601
France,Arras,2.7425682,50.2837307
Croatia,Klana,14.3769784,45.446434
Greece,Pórto Chéli,23.1437319,37.327838
Ireland,Loughrea,-6.3506335,53.2911347
France,Clermont-Ferrand,3.103119,45.0386871
France,Rouen,1.0598119,49.4382375
France,Andrézieux-Bouthéon,4.2552114,45.521777
France,Dammarie-les-Lys,2.6377136,48.5228354
Greece,Peristerá,23.1657758,40.5495165
Croatia,Šenkovec,16.4201451,46.4054155
France,Annecy,6.121072,45.9018536
France,Paris 13,5.8978018,43.4945737
Croatia,Tužno,16.2368405,46.254048
Greece,Thymianá,26.1321521,38.3143554
France,Val-de-Reuil,1.207968,49.2752229
Ireland,Aughrim,-6.366762,53.2987724
France,Périgueux,0.768949,45.180548
Greece,Livádion,24.5137742,37.1426639
Greece,Áno Kopanákion,21.81667,37.28333
Spain,Elx/Elche,-0.6322615,38.2911575
France,Le Blanc-Mesnil,2.4888946,48.9475246
France,Saint-Dizier,4.912419,48.65639
France,Orléans,2.8002946,47.3591366
France,Montélimar,4.7447501,44.5590244
France,Cambrai,3.2571934,50.1559065
Croatia,Buzet,13.9651276,45.4075606
Greece,Asímion,25.0928704,35.0435187
France,Saint-Grégoire,-1.6807958,48.1504081
France,Lomme,2.9982752,50.6503044
France,Villeneuve-d'Ascq,3.1244315,50.6140977
Spain,Cartagena,-0.9904322,37.6118995
France,Guérande,-1.7442022,47.4861398
France,Locminé,-2.8357471,47.8890778
Bulgaria,Omurtag,26.3391256,43.047003
France,Montauban,1.378056,44.025555
France,Méru,2.121866,49.2176624
Greece,Asímion,25.0928704,35.0435187
United Kingdom,Milton,-0.934063,53.248446
France,Bayonne,-1.4703339,43.4968733
Greece,Asopós,22.8545674,36.7312876
France,Poitiers,0.3350126,46.5838069
Germany,Berlin,13.3236611,52.5170826
France,Douarnenez,-4.33096,48.0930765
France,Lille,2.0308233,44.1675867
Germany,Berlin,13.3643415,52.5496772
France,Wintzenheim,7.3273853,48.0684339
France,Nice,6.9855112,44.0678168
Greece,Vári,23.802873,37.8334351
Bulgaria,Rila,23.1315864,42.1256751
Spain,Madrid,-3.6952896,40.4563733
United Kingdom,Upton,-1.2780726,53.6190091
France,Guéret,1.8852108,46.1705063
France,Quimper,-4.1116493,47.9894676
France,Quimper,-4.1020654,47.9962116
Ireland,Macroom,-8.958931,51.904635
France,Toulouse,1.3951553,43.8273805
Ireland,Kinsale,-6.251714,53.3169419
Greece,Skópelos,23.6799766,39.1251493
Greece,Río,21.8330106,38.2800079
France,Dieppe,1.1843207,49.7666568
Bulgaria,Chelopech,24.0846607,42.6995493
France,Cagnes-sur-Mer,7.1492431,43.6777677
France,Brest,-4.4854059,48.3909721
Greece,Árta,20.9876839,39.1582421
France,Poitiers,0.3350126,46.5838069
France,Valence,3.590421,46.6669865
Greece,Stamáta,23.8707783,38.1261246
Croatia,Lopar,14.7318165,44.8278003
France,Nanterre,2.215722,48.8865404
Greece,Kálamos,20.9089378,38.6218706
France,Saint-Lô,-0.9746208,48.4046776
Bulgaria,Kotel,26.44965,42.8867657
Germany,Rostock,12.1186173,54.1463269
Greece,Anáfi,25.7693535,36.363178
United Kingdom,West End,0.04134,53.46464
Spain,Lleida,0.5588787,41.6247751
France,Nancy,3.2530151,46.3410071
France,Nice,7.2559678,43.6953508
Bulgaria,Gorna Oryakhovitsa,25.5508839,41.9250632
Greece,Akráta,22.3143775,38.1535213
France,Vernon,1.4784611,49.0915297
France,Redon,-2.0882566,47.6519866
France,Sarlat-la-Canéda,1.2172257,44.8855006
Croatia,Vidovci,17.7149287,45.3306087
France,Annecy,6.121072,45.9018536
Germany,Mannheim,8.560081,49.4637092
Greece,Néa Karváli,24.5082696,40.9624179
Croatia,Bilice,17.8291657,45.2581286
France,Lille,2.0308233,44.1675867
France,Mitry-Mory,2.612562,48.9802395
France,Oullins,4.8096702,45.7173944
Greece,Neochóri,23.2207655,39.3046388
France,Sartrouville,2.1570562,48.9378251
Ireland,Drumcondra,-8.445614,51.8885086
France,Vesoul,6.2194418,47.6022755
France,Marly,6.154795,49.059828
France,Carcassonne,5.8855505,44.346784
France,Sotteville-lès-Rouen,1.1150619,49.4006213
France,Rennes,2.317187,43.1237608
France,Marseille,2.511999,43.7441795
Bulgaria,Pŭrvomaytsi,25.65,43.15
Greece,Gómfoi,21.6928339,39.4643574
Greece,Portariá,22.9982253,39.3897164
United Kingdom,Weston,-0.964804,50.994689
France,Paris 10,5.8978018,43.4945737
Greece,Skála Oropoú,23.7900853,38.3208398
France,Tulle,4.5805038,44.7016194
France,Fleury-les-Aubrais,1.920754,47.931513
France,Argentan,4.0430608,44.1946802
Bulgaria,Chernomorets,23.4195159,42.8004655
France,Bourges,1.206057,47.6632745
Bulgaria,Bansko,23.485653,41.8404241
Greece,Livádion,24.5137742,37.1426639
Greece,Kálymnos,26.9807653,36.9522824
France,Rezé,3.556485,46.349041
Bulgaria,Slavyanovo,24.8715019,43.4650355
Bulgaria,Tvŭrditsa,25.8960346,42.7015624
France,Saumur,-0.071593,47.2305176
Germany,Rostock,12.1186173,54.1463269
Ireland,Cill Airne,-6.2890702,53.3201497
Greece,Makrychóri,22.4914418,39.8037641
Austria,Wien,16.373098,48.235668
Greece,Charopó,23.3738571,41.2624266
United Kingdom,Ashley,-2.2685462,51.4139633
Greece,Keratéa,23.9763412,37.8071796
France,Maisons-Laffitte,2.1463759,48.9449573
Germany,Dortmund,7.4091222,51.5353894
Germany,Berlin,13.3993839,52.3824851
Germany,Remscheid,7.2822788,51.1730117
France,La Garenne-Colombes,2.2456603,48.9066299
France,Évreux,1.1518478,49.0261841
Greece,Palaió Fáliro,23.7006539,37.9253691
France,Saint-Herblain,-1.605738,47.221906
Greece,Kyprínos,26.2288126,41.5752196
Austria,Burgkirchen,13.1657762,48.1933831
Greece,Krousón,24.9826973,35.2304671
France,Gaillac,2.9200826,44.3538674
France,Clichy,2.333434,48.8834042
Hungary,Miskolc,20.7653961,48.0793507
Bulgaria,Topolovgrad,25.9257256,43.7931514
Greece,Svorónos,22.4624484,40.2683581
France,Noisy-le-Grand,2.5525914,48.8478808
Croatia,Tenja,18.7768698,45.4835641
France,Bourges,1.206057,47.6632745
France,Choisy-le-Roi,2.4119232,48.7663087
Croatia,Grabovci,15.7667685,43.8499847
Croatia,Dežanovac,17.0860622,45.5691045
France,Besançon,5.970378,47.304702
Ireland,Ashford,-6.3828795,53.385304
France,Marseille,2.511999,43.7441795
Croatia,Jesenice,16.5989466,43.4617173
France,Bar-le-Duc,5.0953327,48.7131111
France,Fleury-les-Aubrais,1.920754,47.931513
France,Le Blanc-Mesnil,2.4774664,48.9323908
France,Rodez,2.14552,44.5453926
France,Colomiers,1.3342086,43.6036545
Greece,Peraía,22.9246383,40.5004933
Greece,Ágios Geórgios,19.683333,39.75
France,Paris La Défense,2.2372792,48.890054
Germany,Gelsenkirchen,7.1215271,51.4964248
Greece,Áno Sýros,24.9353935,37.4498962
Greece,Deskáti,21.80854,39.927952
France,Romorantin-Lanthenay,1.75144,47.35802
France,Lille,2.0308233,44.1675867
Croatia,Umag,13.5257205,45.4372062
France,Puteaux,2.2335234,48.8834605
France,Chamalières,3.562575,45.130018
Hungary,Pécs,18.3028286,46.0852466
France,Lens,-0.4601725,46.280212
France,Auxerre,3.5751746,47.794456
France,Aubagne,5.262028,44.255137
France,Saint-Lô,-0.9746208,48.4046776
France,Niort,-0.4654102,46.322577
France,Paris 01,5.8978018,43.4945737
France,Auch,0.5815411,43.6297603
France,Pau,-0.3696612,43.2916776
France,Mougins,7.0125073,43.6167837
France,Trélazé,1.7314818,49.6488646
Ireland,Donnycarney,-6.218069,53.374266
France,Schiltigheim,7.7713453,48.6213459
France,Limoges,3.5276642,45.521519
Greece,Asímion,25.0928704,35.0435187
Greece,Langádhia,22.0300208,37.6818606
France,Élancourt,1.9639754,48.777799
France,Toul,5.8805771,48.679041
Austria,Villach,13.9234172,46.5919484
France,Caen,-0.4440154,49.2221045
Germany,München,11.6074275,48.1440135
Italy,Livorno,10.383479,43.5377939
Croatia,Biograd na Moru,15.4435586,43.9373047
France,Valence,4.8932938,44.9280296
France,Seynod,6.087112,45.875212
Croatia,Podhum,14.4851066,45.3853069
France,Saint-Maurice-l'Exil,4.77996,45.39771
Ireland,Whitegate,-6.3539424,53.3666338
France,Millau,3.0792713,44.1012172
France,Chaumont,5.1345996,48.1096576
France,Amiens,2.3081396,49.8905368
Ireland,Swords,-6.2071246,53.4562426
Ireland,Macroom,-8.958931,51.904635
Bulgaria,Dimovo,22.7219856,43.736236
Greece,Genisséa,24.9613827,41.0610542
Greece,Kallithéa,23.7020975,37.955893
Greece,Próti,21.39509,40.8153071
France,Rouen,1.0598119,49.4382375
Bulgaria,Samokov,23.5527975,42.3369976
Ireland,Listowel,-9.4851741,52.4460804
France,Rennes,-1.7128603,48.1164447
France,Fleury-les-Aubrais,1.920754,47.931513
Greece,Káto Glikóvrisi,22.7760837,36.8277257
Greece,Nisí,21.4203066,37.9847063
Croatia,Tučepi,17.0893798,43.285793
Germany,Duisburg,6.6518329,51.3948213
France,Nîmes,4.3662321,43.8324929
France,Firminy,4.287114,45.3875142
France,Blois,1.3155028,47.594843
Italy,Roma,12.4151335,41.6999293
Greece,Filiátes,20.3077691,39.6003316
United Kingdom,Tullich,-3.1269422,57.4694803
Spain,Albacete,-2.5498208,38.5928606
Greece,Anáfi,25.7693535,36.363178
Bulgaria,Belene,25.1246359,43.6445087
France,Brest,-4.4706255,48.4100734
Ireland,Athy,-6.9858993,53.0018699
France,Brive-la-Gaillarde,1.4739649,45.1433372
Germany,Berlin,13.2385645,52.5485032
France,Lens,-0.4601725,46.280212
France,Vesoul,6.2194418,47.6022755
France,Montpellier,3.319109,43.862902
France,Le Kremlin-Bicêtre,2.3549227,48.8069601
Greece,Varybóbi,23.78729,38.12723
Greece,Pigí,24.5719605,35.3606523
France,Lons-le-Saunier,5.5466073,46.6693059
France,Ajaccio,0.813275,46.6473105
France,Aix-en-Provence,5.4431946,43.5190858
France,Paris 04,5.8978018,43.4945737
France,Bègles,-0.5339182,44.7947734
France,Strasbourg,7.7459273,48.5597333
France,Boulogne-Billancourt,2.2372823,48.830394
United Kingdom,Milton,-0.934063,53.248446
Greece,Ayía Triás,22.9085768,38.3542718
Croatia,Slatina,16.3852937,45.9589716
France,Issy-les-Moulineaux,2.2682399,48.8373554
France,Vesoul,6.2194418,47.6022755
Spain,"Palmas De Gran Canaria, Las",-15.4203257,28.0990178
France,Cholet,-0.8494862,47.0682122
Croatia,Vukojevci,18.1514065,45.4796482
Greece,Vasilikón,23.6720959,38.4251725
Ireland,Dundrum,-6.2508196,53.2866372
France,La Ravoire,5.916694,46.186211
Spain,Almeria,-2.2959788,37.4852899
Bulgaria,Velingrad,23.9915523,42.0275439
Germany,Mainz,8.1937267,50.0022253
Greece,Foúrnoi,26.4820926,37.5769503
France,Aulnay-sous-Bois,2.4943891,48.9318625
France,Ajaccio,0.813275,46.6473105
France,Nantes,-1.5419505,47.2174874
France,Châtellerault,0.5465548,46.8179207
Austria,Burgkirchen,13.1657762,48.1933831
France,Paris La Défense,2.233089,48.892701
France,Quimper,-4.1020654,47.9962116
Greece,Pánormos,24.6908006,35.4181826
France,Valenciennes,3.5246977,50.3566891
Ireland,Ballyjamesduff,-7.086877,53.8363325
Croatia,Dubrovnik,18.1013637,42.6586378
Ireland,Muff,-7.269174,55.0650892
United Kingdom,Liverpool,-1.3347302,54.7598905
France,Landerneau,-4.212759,48.3728929
France,Guyancourt,2.0803619,48.7707356
France,Sannois,2.2558072,48.9648921
Greece,Kalí Vrýsi,23.9066108,41.1455736
France,La Plaine-Saint-Denis,2.3645084,48.9105576
United Kingdom,Birmingham,-1.8886845,52.4608207
Ireland,Tullyallen,-6.4241156,53.7369009
France,Coutances,-1.6509128,49.2706048
Croatia,Selnica,16.0446553,46.0261155
Greece,Methóni,21.7063018,36.8199022
Belgium,Gent,3.7139045,51.0003903
Germany,Freiburg im Breisgau,7.8107621,47.9963155
France,Paris 08,5.8978018,43.4945737
Bulgaria,Tervel,27.2601131,43.7365869
Bulgaria,Kilifarevo,25.6162991,42.9856238
Bulgaria,Samokov,23.5527975,42.3369976
Croatia,Bakar,13.872724,45.40351
Spain,Donostia-San Sebastian,-1.9814245,43.3177929
France,Quimper,-4.0325499,47.9838092
France,La Rochelle,5.2893597,47.9318074
France,Paris 12,5.8978018,43.4945737
France,Versailles,2.1203554,48.8048649
France,Beauvais,2.0887457,49.4263976
Greece,Pátmos,26.5468773,37.3129763
France,Paris 07,5.8978018,43.4945737
Greece,Palekastro,26.250031,35.200539
Ireland,Confey,-6.5028415,53.3806398
France,Dijon,2.5135985,45.2977605
Germany,Mainz,8.1937267,50.0022253
Ireland,Ballinteer,-6.2554371,53.2767301
Croatia,Jankomir,15.8749256,45.8046263
Greece,Athens,23.7275388,37.9838096
Greece,Náousa,22.0688549,40.6294406
Hungary,Székesfehérvár,18.4095578,47.1910839
Bulgaria,Zlatni Pyasatsi,28.0236322,43.2697175
France,Rungis,2.3508225,48.7700185
France,L'Union,0.8648422,47.8632224
Ireland,Cork,-8.489012,51.923707
France,Cahors,-1.813332,47.772714
Greece,Filiatrá,21.5855686,37.1573835
Bulgaria,Aytos,23.3067353,42.7066497
France,Courtaboeuf,2.190167,48.695223
Ireland,Belmullet,-10.0320886,54.2223118
France,Évry,2.4381665,48.6277459
Spain,Vigo,-8.7357274,42.214405
Belgium,Bruxelles,4.3766927,50.8235717
France,Paris 16,5.8978018,43.4945737
Croatia,Semeljci,18.5422141,45.3613644
Croatia,Gospić,15.3750495,44.5469337
Greece,Vamvakoú,22.5517042,37.2445983
France,Lille,2.0308233,44.1675867
Ireland,Balrothery,-6.1884248,53.5879156
Bulgaria,Dimovo,22.7219856,43.736236
Ireland,Piltown,-6.3025448,53.6920618
France,La Garde,-1.6329288,48.0482483
France,Toulouse,-3.2602564,47.785421
Spain,Torrevieja,-0.6867939,38.0294026
France,Paris La Défense,2.233089,48.892701
France,Digne-les-Bains,6.2272625,44.0905495
Ireland,Castlepollard,-7.2979911,53.6785169
Croatia,Vinež,14.1052162,45.1013124
France,Paris La Défense,2.233089,48.892701
Bulgaria,Byala,27.7900409,42.8494142
Bulgaria,Nikopol,24.850714,43.654415
France,Pau,-0.3696612,43.2916776
France,Guilherand-Granges,4.8713543,44.9326194
France,Bordeaux,0.964671,45.697904
Bulgaria,Lakatnik,23.3786254,43.082258
Italy,Catania,15.0586639,37.5267674
France,Créteil,2.4549884,48.7803815
Germany,Essen,6.9643749,51.4188047
France,Paris 02,5.8978018,43.4945737
France,Narbonne,3.0057099,43.1905743
France,Saint-Gaudens,0.7978655,43.0926393
Greece,Évlalo,24.802714,40.981773
Ireland,Claremorris,-8.334953,51.8610022
Ireland,Killorglin,-9.7850991,52.1058991
France,Landivisiau,-4.0442397,48.4914852
Bulgaria,Malko Tŭrnovo,27.5250475,41.9797938
Croatia,Postira,16.6309128,43.3755098
Greece,Magoúla,23.5215964,38.0790354
France,Besançon,5.9471867,47.2154159
Belgium,Gent,3.7139045,51.0003903
Croatia,Buje,13.6589423,45.4082114
Greece,Yiánnouli,22.38333,39.66667
France,Portet-sur-Garonne,1.402934,43.53121
Bulgaria,Yambol,26.5331057,42.4865907
Croatia,Rezovac,17.4116835,45.8060242
Bulgaria,Dolna Banya,23.7647948,42.3106792
Greece,Rodotópi,20.7237136,39.7083252
France,Blois,1.3155028,47.594843
France,Grenoble,5.7218985,45.1934857
France,Bondoufle,2.406265,48.6169664
Greece,Katoúna,20.7067845,38.7811142
Greece,Zográfos,23.7617382,37.9768245
France,Épinal,6.4140214,48.2576572
France,Saumur,-0.071593,47.2305176
Ireland,Rathnew,-6.374155,53.3223974
France,Metz,6.1807997,49.116169
Greece,Áyios Vasílios,22.8003951,37.7937857
Greece,Mýrina,25.063448,39.875265
France,Le Blanc-Mesnil,2.4888946,48.9475246
France,Eaubonne,2.2868727,48.9897895
France,Angers,-0.5572458,47.4441206
Greece,Pefkochóri,23.6140148,39.9880319
France,Paris 15,2.2582125,48.8466523
Croatia,Plaški,15.3692353,45.0775463
France,Sens,3.2995005,48.1903349
France,Labège,1.5693759,42.7981285
France,Mougins,7.0125073,43.6167837
Greece,Provatás,23.633333,41.1
Greece,Kampánis,22.9175369,40.8890204
France,Longjumeau,2.3491182,48.6939078
Greece,Próchoma,22.6698436,40.7996662
France,Arras,2.7425682,50.2837307
France,Pontarlier,6.3333882,46.907884
France,Besançon,5.970378,47.304702
Greece,Ágios Athanásios,22.7279233,40.7165064
France,Melun,2.6780176,48.5129473
France,Décines-Charpieu,4.969422,45.7593122
Italy,Trieste,13.7829495,45.6479728
Greece,Ampelákia,23.5280223,37.9510555
Greece,Gaïtánion,20.874871,37.7881713
France,Saint-Lô,-1.0793373,49.0993758
France,Lyon,1.9038837,43.0429124
France,Arles,4.6337414,43.6575957
Greece,Kolchikón,23.1342184,40.7576842
Italy,Laspezia,9.8216043,44.1034593
France,Épinal,6.4788333,48.1967872
Greece,Karátoulas,22.1773357,37.4703686
France,Aubenas,3.9996505,44.2136985
Greece,Velestíno,22.7451966,39.3809141
France,Mazamet,2.3764372,43.4899263
Belgium,Namur,4.9246444,50.4198861
Greece,Argithéa,21.538589,39.3552067
Croatia,Gradići,16.0378191,45.7058849
Greece,Lékhaio,22.8455989,37.9346483
France,Moret-sur-Loing,2.683461,48.319875
France,Noyelles-sous-Lens,2.8830762,50.4217341
Spain,Lleida,0.6251541,41.6543565
Spain,Pontevedra,-8.5995773,42.4385891
Greece,Ampelákia,23.5280223,37.9510555
Ireland,Bundoran,-8.2817353,54.4771768
France,Port-de-Bouc,4.976862,43.418787
France,Chambéry,5.8930389,45.590443
France,Chantilly,2.6981496,47.3036891
France,Orléans,2.8002946,47.3591366
Greece,Kéfalos,26.9591755,36.7445146
France,Chilly-Mazarin,2.3056035,48.7037515
Greece,Marína,22.1007382,40.6919067
Greece,Agía Foteiní,22.0009405,40.7134512
France,Saint-Louis,7.4839022,47.6329545
France,Nantes,-1.5411258,47.2014677
France,Avignon,4.804022,43.952499
Greece,Áno Sýros,24.9353935,37.4498962
Bulgaria,Rakitovo,24.1082622,42.0256471
France,Bonneuil-sur-Marne,2.5030826,48.7717343
Greece,Rodotópi,20.7237136,39.7083252
Greece,Pélla,22.1430215,40.9148039
Italy,Genova,8.7866738,44.4421587
Bulgaria,Medovene,26.5290794,43.7728532
France,Paris 07,5.8978018,43.4945737
France,Orly aérogare,2.3694452,48.7282419
France,Mont-de-Marsan,-0.5046003,43.884893
France,Moret-sur-Loing,2.683461,48.319875
France,Dieppe,1.1433823,49.8683919
Hungary,Pécs,18.2320497,46.0759677
France,Aurillac,2.4396467,44.9263486
France,Strasbourg,7.7459273,48.5597333
Croatia,Drenova,14.6312922,45.0247038
Ireland,Dungarvan,-6.1822287,53.3788495
France,La Gacilly,-2.1084626,47.7809616
Bulgaria,Kotel,26.44965,42.8867657
France,Paris 12,5.8978018,43.4945737
France,Marcq-en-Barœul,3.0751792,50.667396
France,Tours,5.534063,45.70734
France,Woippy,6.1200844,49.1698106
Greece,Fteliá,24.1908648,41.0828211
Germany,Leipzig,12.3634475,51.3383504
Bulgaria,Pŭrvomaytsi,25.65,43.15
France,Arras,2.7425682,50.2837307
Italy,Messina,15.5532993,38.2305534
Ireland,Cashel,-7.888894,52.516323
France,Firminy,4.287114,45.3875142
France,Toulouse,1.3412205,43.6504207
Greece,Keratéa,23.9763412,37.8071796
France,Orléans,2.8002946,47.3591366
France,Roissy Charles-de-Gaulle,2.5479245,49.0096906
Germany,Saarbrücken,7.0075837,49.2088164
Greece,Ellinikó,23.7435107,37.8889396
France,Paris La Défense,2.2372792,48.890054
France,Lorient,4.9157564,44.8671415
Croatia,Makarska,17.0215239,43.2937769
Greece,Elaiochóri,24.2429692,40.8207633
Greece,Neochóri,23.2207655,39.3046388
France,Cergy-Pontoise,2.080691,49.03201
Greece,Gargaliánoi,21.6379278,37.0654883
Greece,Ávato,24.8064244,40.9632212
France,Roissy Charles-de-Gaulle,2.5479245,49.0096906
France,Mérignac,-2.0532343,47.9544744
France,Nantes,-1.5401497,47.2550409
Greece,Féres,26.1722017,40.8942408
France,Clisson,-1.2821339,47.0799211
France,Roissy Charles-de-Gaulle,2.5479245,49.0096906
France,Ajaccio,0.813275,46.6473105
France,Lavaur,1.7811783,43.974344
Croatia,Petrijevci,18.5215008,45.6438305
France,Rueil-Malmaison,2.166848,48.8708001
France,Nantes,-1.5401497,47.2550409
Greece,Yimnón,23.8850944,38.4391281
Germany,Hannover,9.6890537,52.3723858
France,Montceau-les-Mines,4.3642884,46.6750305
Croatia,Galovac,16.8524058,45.8440218
France,Lyon,1.9038837,43.0429124
Greece,Péfki,23.7946578,38.0625172
France,Marseille,2.511999,43.7441795
France,Bourges,1.206057,47.6632745
France,Lillers,2.4609362,50.5540427
Hungary,Sopron,16.5847329,47.675717
France,Massy,4.6072477,46.4830794
United Kingdom,Wirral,-3.1605843,53.3758568
Greece,Ágios Athanásios,22.7279233,40.7165064
France,Créteil,2.4549884,48.7803815
United Kingdom,Kirkton,-4.031512,57.961476
Spain,Santa Cruz De Tenerife,-16.2845785,28.4391484
France,Nanterre,2.2829955,48.9098794
Spain,Vitoria-Gasteiz,-2.6722992,42.8436672
Germany,Kiel,10.0477345,54.3171885
France,Nantes,-1.5401497,47.2550409
France,Grenoble,5.7286053,45.1903117
France,Nanterre,2.2829955,48.9098794
Greece,Pyrgetós,22.595535,39.9179113
France,Metz,6.1807997,49.116169
United Kingdom,Aberdeen,-2.2508745,56.968436
France,Chalon-sur-Saône,4.936847,46.7251598
France,Longwy,5.6944757,49.5048872
France,Dieppe,1.1433823,49.8683919
France,Arbois,5.3378155,43.4903429
Greece,Stírion,22.71667,38.4
Croatia,Ljubešćica,16.4207632,46.1554974
Greece,Ouranoupolis,23.9813901,40.3258678
France,Bobigny,2.8898334,49.4648362
Ireland,Kildare,-6.9140788,53.169971
United Kingdom,Langley,-0.23924,51.888151
Ireland,Macroom,-8.958931,51.904635
France,Montauban,1.378056,44.025555
France,La Roche-sur-Yon,-1.4087525,46.6678978
France,Rambouillet,1.8015218,48.6463593
France,Caen,-0.3907558,49.1931313
Croatia,Varaždin,16.3366066,46.305746
Germany,Mönchengladbach,6.4449432,51.1329676
Greece,Mikrókampos,22.7755938,40.8403439
Greece,Diavatós,22.2682863,40.5463267
France,Haguenau,7.7825969,48.8134287
France,Port-de-Bouc,4.976862,43.418787
France,Rennes,-1.695391,48.120484
France,Roissy Charles-de-Gaulle,2.5479245,49.0096906
France,Auch,0.5815411,43.6297603
France,Perpignan,2.0376775,43.6943099
France,Nîmes,4.3662321,43.8324929
Greece,Methóni,21.7063018,36.8199022
Greece,Nidri,20.7141164,38.7099952
France,Guingamp,-4.1927331,47.9103088
France,Rennes,-1.7128603,48.1164447
Greece,Mikrókampos,22.7755938,40.8403439
Greece,Kálamos,20.9089378,38.6218706
Croatia,Drenova,14.6312922,45.0247038
Spain,Vigo,-8.6848147,42.2390986
Croatia,Buje,13.6589423,45.4082114
Croatia,Marinići,14.3926584,45.3652354
France,Montpellier,-0.8453268,47.3752386
Ireland,Valleymount,-6.3077823,53.3655256
France,Perpignan,2.8797149,42.6962642
Greece,Alivéri,24.0400763,38.4092722
Hungary,Debrecen,21.6379372,47.5341107
Italy,Roma,12.4581209,41.8789317
France,Paris 02,5.8978018,43.4945737
France,Chartres,-0.6297654,45.106849
France,Rennes,-1.235807,47.9434065
France,Paris 04,5.8978018,43.4945737
Greece,Erétria,23.7930669,38.3927202
Greece,Néa Karyá,24.7069091,40.9063009
Germany,Berlin,13.4815474,52.4609077
France,Saint-Quentin,3.3651417,49.8990161
Germany,Hamburg Bramfeld,10.0852568,53.607925
Croatia,Cernik,14.5032137,45.3481651
France,La Rochelle,5.2893597,47.9318074
France,Annecy,6.1266746,45.922009
Croatia,Brezovica,17.5621055,45.8618299
Spain,Pontevedra,-8.6463086,42.4423768
Bulgaria,Gorichevo,26.4498912,43.8484382
Spain,"Palmas De Gran Canaria, Las",-15.4287738,28.1236316
Croatia,Lopar,14.7318165,44.8278003
United Kingdom,Newbiggin,-2.0871107,54.9418362
Ireland,Blessington,-8.5111664,51.8858819
France,Privas,4.5991033,44.7352635
Bulgaria,Byala,27.7900409,42.8494142
Greece,Karítsa,22.7619237,39.8435737
France,Strasbourg,7.6370168,48.5347071
France,Bobigny,2.8898334,49.4648362
France,Palaiseau,2.2186743,48.7057309
Bulgaria,Zlatograd,25.5327587,41.9310069
France,Épinal,6.4140214,48.2576572
Germany,Halle,11.9027428,51.4790619
Bulgaria,Chelopech,24.0846607,42.6995493
Greece,Vrilissia,23.831904,38.0329785
France,Paris 17,5.8978018,43.4945737
France,Salon-de-Provence,5.1190026,43.5958543
Croatia,Bilice,17.8291657,45.2581286
Spain,Leon,-5.6195112,42.5944931
France,Cergy-Pontoise,2.0875699,49.0337974
Bulgaria,Brusartsi,23.0759947,43.6652083
France,Limoges,3.5276642,45.521519
France,Saint-Ouen,-1.1457859,46.5993244
Ireland,Ballymahon,-7.7655701,53.5650926
Croatia,Slatina,16.3852937,45.9589716
France,Clermont-Ferrand,3.1331436,45.788378
Greece,Pefkochóri,23.6140148,39.9880319
France,Montceau-les-Mines,4.3642884,46.6750305
France,Mende,3.5333133,44.5394324
United Kingdom,Birmingham,-1.8886845,52.4608207
United Kingdom,Whitchurch,-2.5573746,51.4057505
France,Nantes,-1.5419505,47.2174874
Hungary,Zalaegerszeg,16.847761,46.8442339
Italy,Messina,15.491758,38.0918968
France,Saint-Chamond,4.5014237,45.4699386
France,Paris 09,5.8978018,43.4945737
France,Aurillac,2.4396467,44.9263486
France,Colmar,7.3469006,48.0724737
France,Blaye,-0.662941,45.126841
Greece,Néa Vrasná,23.652122,40.7046234
France,Pontarlier,6.3333882,46.907884
Ireland,Midleton,-8.1722173,51.9138694
Germany,Osnabrück,8.0495294,52.2415583
France,Clermont-Ferrand,3.103119,45.0386871
Belgium,Momignies,4.1638985,50.0109884
France,Lille,3.086469,50.5429237
Spain,Lleida,0.5588787,41.6247751
Spain,"Coruña, A",-8.434873,43.3216087
Greece,Asopós,22.8545674,36.7312876
Ireland,Dungarvan,-6.1822287,53.3788495
France,Marseille,5.3563232,43.2894617
Croatia,Stobreč,16.5237792,43.5039342
France,Guérande,-1.7442022,47.4861398
France,Lille,2.0308233,44.1675867
France,Plérin,-2.7586364,48.529165
Greece,Spárti,22.430264,37.074461
France,Paris 13,5.8978018,43.4945737
Bulgaria,Gulyantsi,24.7458579,43.5370504
France,Saint-Quentin,3.3651417,49.8990161
France,Gentilly,2.845761,44.478341
France,Brest,-4.1166788,48.6059152
Germany,Berlin,13.2385645,52.5485032
France,Montceau-les-Mines,4.3642884,46.6750305
Greece,Xylaganí,25.4219873,40.9765733
France,Nice,7.261933,43.704612
Bulgaria,Rakitovo,24.1082622,42.0256471
United Kingdom,Newbiggin,-2.0871107,54.9418362
France,Créteil,2.4549884,48.7803815
United Kingdom,Bradford,-1.7937455,53.7832102
France,Laval,-0.7609009,48.0762327
Greece,Vári,23.802873,37.8334351
Italy,Laspezia,9.8292338,44.1313751
Belgium,Bruxelles,4.3766927,50.8235717
France,Brignoles,4.0664945,44.3543084
France,Arras,2.7425682,50.2837307
Greece,Agkathiá,22.4712129,40.5555236
France,Montpellier,3.8626074,43.6121586
Germany,Berlin,13.2962036,52.4767935
France,Vesoul,6.2194418,47.6022755
Greece,Kallithéa,23.7020975,37.955893
United Kingdom,Kingston,-2.355369,50.887101
Croatia,Lovas,19.1825632,45.2191483
Bulgaria,Chelopech,24.0846607,42.6995493
France,Rennes,-1.695391,48.120484
Greece,Eleftheroúpolis,24.2547455,40.9156544
France,Saint-Ouen,-1.1457859,46.5993244
United Kingdom,Langley,-0.23924,51.888151
France,Rungis,2.3508225,48.7700185
Greece,Néa Magnisía,22.8426988,40.6875315
France,Paris 19,5.8978018,43.4945737
Greece,Náousa,22.0688549,40.6294406
France,Lille,3.086469,50.5429237
Croatia,Zagreb,15.9513163,45.7307005
France,Rennes,-1.7128603,48.1164447
Bulgaria,Sofia,23.3245641,42.6978209
France,Lyon,1.9038837,43.0429124
France,Colombes,2.2593884,48.923882
France,Redon,-2.0882566,47.6519866
Bulgaria,Kiten,27.7702053,42.2342735
Ireland,Donnycarney,-6.218069,53.374266
Greece,Fílla,23.6824627,38.4415297
Croatia,Preko,15.1873478,44.0803302
Ireland,Bagenalstown,-6.9692181,52.7009338
Greece,Áno Kómi,21.8296162,40.2259198
France,Trélissac,0.7423124,45.1905186
Greece,Melíti,21.581667,40.83
United Kingdom,Langley,-0.23924,51.888151
Italy,Villanova,9.9968284,45.026845
France,Istres,4.9789041,43.4988397
Germany,Duisburg,6.6518329,51.3948213
France,Noyon,1.0859715,49.145018
France,Remiremont,6.535628,48.0515029
France,Marseille,2.511999,43.7441795
France,Libourne,-0.2363562,44.9158731
Croatia,Višnjevac,16.9295441,45.9724452
France,Toulouse,1.495596,43.609798
France,Les Sables-d'Olonne,-1.7557702,46.4846074
Greece,Varybóbi,23.78729,38.12723
Greece,Tílisos,25.0182231,35.2970392
Ireland,Birr,-7.9139891,53.0949398
France,Oyonnax,5.653268,46.259611
Croatia,Hvar,16.4411136,43.1729478
France,Vitry-sur-Seine,2.3884283,48.7885683
France,Chilly-Mazarin,2.3056035,48.7037515
France,Orléans,2.8002946,47.3591366
Croatia,Jakšić,17.7640023,45.3579767
Ireland,Trá Mhór,-9.0197835,53.2736466
Greece,Gérakas,23.8548387,38.0117509
France,Caen,-0.3907558,49.1931313
France,Vedène,4.9052738,43.9763746
Germany,Bremen,8.7398289,53.132048
Greece,Ágios Vasíleios,24.4523968,35.2452552
United Kingdom,Milton,-0.934063,53.248446
France,Ajaccio,0.813275,46.6473105
France,Paris 12,5.8978018,43.4945737
France,Fontenay-sous-Bois,2.4836829,48.853463
Bulgaria,Kiten,27.7702053,42.2342735
Greece,Mýrina,25.063448,39.875265
France,Saint-Maurice,5.8147664,43.8006906
Italy,Perugia,12.3764587,43.1074675
France,Paris 11,2.3237084,48.8610504
Spain,Torrevieja,-0.6867939,38.0294026
France,Boulogne-Billancourt,2.2372823,48.830394
France,Neuilly-sur-Seine,2.2760839,48.8809869
France,Caen,-0.3907558,49.1931313
Spain,Albacete,-2.5498208,38.5928606
Greece,Itéa,22.4259628,38.4324927
Greece,Aráchova,22.5843667,38.4800003
Croatia,Preko,15.1873478,44.0803302
Hungary,Debrecen,21.6379372,47.5341107
Greece,Diónysos,23.8790184,38.0987438
Croatia,Višnjevac,16.9295441,45.9724452
Austria,St. Anton an der Jeßnitz,15.2299747,48.0147763
France,Villeneuve-sur-Lot,0.7060015,44.4103234
Spain,Toledo,-4.0414005,39.873363
France,Bordeaux,0.964671,45.697904
Greece,Rodolívos,23.9742039,40.9201953
France,Maisons-Alfort,2.4347009,48.8039832
